<?xml version="1.0" encoding="UTF-8" ?>
<entity-mappings xmlns="http://java.sun.com/xml/ns/persistence/orm"
                 xmlns:xsi="http://www.w3.org/2001/XMLSchema-instance"
                 xsi:schemaLocation="http://java.sun.com/xml/ns/persistence/orm http://java.sun.com/xml/ns/persistence/orm_2_0.xsd"
                 version="2.0">

    <named-query name="User.findByLogin">
        <query>
            SELECT
            u
            from
            User u
            where
            u.login = :login
            and
            status = :status
        </query>
    </named-query>

    <named-query name="User.findByToken">
        <query>
            SELECT
            u
            from
            User u
            where
            u.authToken = :token
            and
            u.status = :status
        </query>
    </named-query>

    <named-query name="User.findByApiToken">
        <query>
            SELECT
            u
            from
            User u
            where
            u.apiToken = :token
            and
            u.status = :status
        </query>
    </named-query>

    <named-query name="User.findUserByContractIdAndRole">
        <query>
            select u from UserRole ur inner join ur.user u
            where ur.status = 'A'
            and
            u.status = :status
            and
            ur.roleId = :roleId
            and
            ur.contractId = :contractId
            and
            ur.userId = :userId
        </query>
    </named-query>

    <named-query name="User.findByRecoveryKey">
        <query>
            SELECT
            u
            from
            User u
            where
            u.recoveryKey = :recoveryKey
            and
            u.recoveryExp > CURRENT_TIMESTAMP()
            and
            status = :status
        </query>
    </named-query>

    <named-query name="User.findUsersAll">
        <query>
            SELECT
            u
            from
            User u
            order by u.lastLoggedIn desc
        </query>
    </named-query>

    <named-query name="User.findAllCount">
        <query>
            SELECT
            COUNT(u)
            FROM
            User u
        </query>
    </named-query>

    <named-query name="User.findUsersByRoleId">
        <query>
            select
            userRole.user
            from
            UserRole userRole
            where userRole.roleId = :roleId
            order by userRole.user.id
        </query>
    </named-query>

    <named-query name="UserRole.findByUserId">
        <query>
            SELECT
            userRole
            from
            UserRole userRole
            where userRole.userId = :userId
            and userRole.status = 'A'
        </query>
    </named-query>

    <named-query name="UserRole.findByContractId">
        <query>
            SELECT
            userRole
            from
            UserRole userRole
            where userRole.contractId = :contractId
            and userRole.roleId = 1
            and (userRole.status = :status or userRole.status is null)
            and (userRole.user.status = :status or userRole.user.status is null)
            order by (COALESCE (userRole.modDate, userRole.regDate) )DESC
        </query>
    </named-query>

    <named-query name="UserRole.getCustomerAdminsByContractId">
        <query>
            select ur from UserRole ur inner join ur.user u
            where ur.status = 'A'
            and
            ur.contractId = :contractId
            and
            u.status = :status
            and
            ur.roleId = :roleId
        </query>
    </named-query>

    <named-query name="UserRole.getDefaultCustomerAdminByContractId">
        <query>
            select ur from UserRole ur inner join ur.user u
            where ur.status = 'A'
            and
            ur.contractId = :contractId
            and
            u.status = :status
            and
            ur.roleId = :roleId
            order by (COALESCE(ur.defaultCustomerAdmin, false)) DESC
        </query>
    </named-query>

    <named-query name="UserRole.findByUserIdAndContractId">
        <query>
            select ur from UserRole ur inner join ur.user u
            where ur.status = 'A'
            and
            ur.userId = :userId
            and
            ur.contractId = :contractId
            and
            u.status = :status
        </query>
    </named-query>

    <named-query name="FileStorage.getById">
        <query>
            SELECT
            FileStorage
            from
            FileStorage fileStorage
            where fileStorage.id = :id
        </query>
    </named-query>


    <named-query name="User.findAllByStatus">
        <query>
            select
            u
            from
            User u
            where
            u.status = :status
            and
            u.roleId = :roleId
            order by u.id
        </query>
    </named-query>

    <named-query name="User.findByContractIdAndStatus">
        <query>
            select u from UserRole ur inner join ur.user u
            where ur.status = 'A'
            and
            ur.contractId = :contractId
            and
            (u.contractId = :contractId or u.contractId is null)
            and
            u.status = :status
            and
            ur.roleId in (1,2)
            order by u.id
        </query>
    </named-query>

    <named-query name="User.findCountByContractIdAndStatus">
        <query>
            select count(u.id) from UserRole ur inner join ur.user u
            where ur.status = 'A'
            and
            ur.contractId = :contractId
            and
            (u.contractId = :contractId or u.contractId is null)
            and
            u.status = :status
            and
            ur.roleId in (1,2)
        </query>
    </named-query>

    <named-query name="User.findByContractIdAndStatusAndRoleUser">
        <query>
            select u from UserRole ur inner join ur.user u
            where ur.status = 'A'
            and
            ur.contractId = :contractId
            and
            (u.contractId = :contractId or u.contractId is null)
            and
            u.status = :status
            and
            ur.roleId = 1
            order by u.id
        </query>
    </named-query>

    <named-query name="User.findUserByContractIdAndRoleAndStatus">
        <query>
            select u from UserRole ur inner join ur.user u
            where ur.status = 'A'
            and
            ur.contractId = :contractId
            and
            u.status = :status
            and
            ur.roleId = :roleId
            order by u.id
        </query>
    </named-query>

    <named-query name="User.findByContractUserIdAndStatusAndRoleId">
        <query>
            select u from UserRole ur inner join ur.user u
            where ur.status = 'A'
            and
            u.status = :status
            and
            ur.roleId = :roleId
            and
            ur.contractId = :contractId
            and
            ur.userId = :userId
        </query>
    </named-query>

    <named-query name="User.findById">
        <query>
            select
            u
            from
            User u
            where
            u.id = :id
            and
            u.roleId = :roleId
        </query>
    </named-query>
    <named-query name="User.findByUserId">
        <query>
            select
            u
            from
            User u
            where
            u.id = :id
        </query>
    </named-query>

    <named-query name="User.findByUserIdAndText1">
        <query>
            select
            u
            from
            User u
            where
            u.id = :id
            and
            u.status = :status
        </query>
    </named-query>

    <named-query name="User.findByIdAndContractId">
        <query>
            select u from UserRole ur inner join ur.user u
            where ur.status = 'A'
            and
            ur.userId = :id
            and
            ur.roleId = :roleId
            and
            ur.contractId = :contractId
            and
            u.status = :status
        </query>
    </named-query>
    <named-query name="User.findByIdAndPassword">
        <query>
            select
            u
            from
            User u
            where
            u.id = :id
            and
            u.password = :oldPassword
        </query>
    </named-query>
    <named-query name="User.findByStatusAndFilterOperator">
        <query>
            select
            u
            from
            User u
            where
            u.roleId = :roleId
            and
            u.managerId = :operator
            order by u.id
        </query>
    </named-query>

    <named-query name="User.findByStatusAndFilterOperatorAndFilterCustomerAndFilterText">
        <query>
            select
            u
            from
            User u
            where
            (u.status = :status or u.status= :statusExtra)
            and
            u.roleId = :roleId
            and
            (u.managerId = :operator or :operator=0)
            and
            (upper(u.contract.contractType) = :contractType or :contractType = 'A')
            and
            (
            upper(u.login) LIKE '%' || upper(:text) || '%'
            or
            upper(u.contract.company.name) LIKE '%' || upper(:text) || '%'
            or
            upper(u.contract.contractNumber) LIKE '%' || upper(:text) || '%'
            )
            order by u.id
        </query>
    </named-query>

    <named-query name="User.findByStatusAndFilterOperatorAndFilterCustomerAndFilterTextCount">
        <query>
            select
            u
            from
            User u
            where
            (u.status = :status or u.status= :statusExtra)
            and
            u.roleId = :roleId
            and
            (u.managerId = :operator or :operator=0)
            and
            (upper(u.contract.contractType) = :contractType or :contractType = 'A')
            and
            (
            upper(u.login) LIKE '%' || upper(:text) || '%'
            or
            upper(u.contract.company.name) LIKE '%' || upper(:text) || '%'
            or
            upper(u.contract.contractNumber) LIKE '%' || upper(:text) || '%'
            )
            order by u.id
        </query>
    </named-query>
    <named-query name="Staff.getUsersCountByContractId">
        <query>
            select count(u) from UserRole ur inner join ur.user u
            where ur.status = 'A'
            and
            ur.contractId = :contractId
            and
            u.status = :status
            and
            ur.roleId = :roleId
        </query>
    </named-query>
    <named-query name="User.findCustomerCareByStatusAndFilter">
        <query>
            select
            u
            from
            User u
            where
            u.status = :status
            and
            u.roleId = :roleId
            order by u.id
        </query>
    </named-query>
    <named-query name="GPSUnite.findById">
        <query>
            select
            u
            from
            GPSUnit u
            where
            u.id = :id
        </query>
    </named-query>
    <named-query name="GPSUnite.findAllFreeByStatus">
        <query>
            select
            u
            from
            GPSUnit u
            where
            u.status = :status
            and
            (
            u.id not in
            (
            select
            g.gpsUnitId
            from
            MObjectGPSUnit g
            where
            g.status = :status
            )
            or
            u.imei = :imei
            )
            order by u.id
        </query>
    </named-query>
    <named-query name="GPSUniteType.findById">
        <query>
            select
            u
            from
            GPSUnitType u
            where
            u.id = :id
        </query>
    </named-query>
    <named-query name="GPSUniteType.findAllByStatus">
        <query>
            select
            u
            from
            GPSUnitType u
            where
            u.status = :status
            order by u.name
        </query>
    </named-query>
    <named-query name="GPSUnit.findByIMEI">
        <query>
            select
            g
            from
            GPSUnit g
            where
            g.imei = :imei
            and
            g.status = :status
        </query>
    </named-query>
    <named-query name="MObject.findById">
        <query>
            select
            u
            from
            MObject u
            where
            u.mObjectContractId = :contractId
            order by u.id
        </query>
    </named-query>
    <named-query name="MObject.findByObjectId">
        <query>
            select
            u
            from
            MObject u
            where
            u.id = :objectId
        </query>
    </named-query>

    <named-query name="MObject.findMobjectContractId">
        <query>
            select
            m.contract.id
            from
            MObject m
            where
            m.id = :objectId
            and m.status = 'A'
        </query>
    </named-query>

    <named-query name="MObject.findByContractIdAndGroupIdAndWithOutGroup">
        <query>
            select
            u
            from
            MObject u
            where
            u.status = :status
            and
            u.contract.id = :contractId
            and
            (
            u.group.id = :groupId
            or
            u.group.id = :withOutGroupId
            )
            order by u.mObjectName
        </query>
    </named-query>
    <named-query name="MObject.findByContractIdAndGroupId">
        <query>
            select
            u
            from
            MObject u
            where
            u.status = :status
            and
            u.contract.id = :contractId
            and
            u.group.id = :groupId
        </query>
    </named-query>

    <named-query name="MObjectSettings.findByObjectId">
        <query>
            select
            u
            from
            MObjectSettings u
            where
            u.mObjectId = :objectId
            and
            u.status = :status
        </query>
    </named-query>

    <named-query name="GeoFence.findByContractIdAndGroupId">
        <query>
            select
            gf
            from
            GeoFence gf
            where
            gf.status = :status
            and
            gf.contractId = :contractId
            and
            gf.group.id = :groupId
        </query>
    </named-query>

    <named-query name="POI.findByContractIdAndGroupId">
        <query>
            select
            u
            from
            POI u
            where
            u.status = :status
            and
            u.contractId = :contractId
            and
            u.group.id = :groupId
        </query>
    </named-query>


    <named-query name="MObjectType.findAll">
        <query>
            select
            mot
            from
            MObjectType mot
            where
            mot.status = :status
            order by mot.id
        </query>
    </named-query>

    <named-query name="MObjectType.findById">
        <query>
            select
            mot
            from
            MObjectType mot
            where
            mot.id = :id
            and
            mot.status = :status
        </query>
    </named-query>

    <named-query name="MObjectState.findAll">
        <query>
            select
            mos
            from
            MObjectState mos
            where
            mos.status = :status
        </query>
    </named-query>

    <named-query name="MObjectState.findById">
        <query>
            select
            mos
            from
            MObjectState mos
            where
            mos.id = :id
            and
            mos.status = :status
        </query>
    </named-query>

    <named-query name="MObjectAppointment.findAll">
        <query>
            select
            moa
            from
            MObjectAppointment moa
            where
            moa.status = :status
            order by moa.id
        </query>
    </named-query>

    <named-query name="MObjectAppointment.findById">
        <query>
            select
            moa
            from
            MObjectAppointment moa
            where
            moa.id = :id
            and
            moa.status = :status
        </query>
    </named-query>

    <named-query name="MobileTrackerSettings.findByObjectId">
        <query>
            select
            u
            from
            MobileTrackerSettings u
            where
            u.mObjectId = :objectId
            and
            u.status = :status
        </query>
    </named-query>

    <named-query name="MobileTrackerSettings.findBySerial">
        <query>
            select
            u
            from
            MobileTrackerSettings u
            where
            u.mobileSerial = :serial
        </query>
    </named-query>

    <named-query name="MobileTrackerStatus.findByIndexAndSerial">
        <query>
            select
            u
            from
            MobileTrackerStatus u
            where
            u.index = :index
            and
            u.mobileSerial = :serial
            and
            u.status = :status
        </query>
    </named-query>

    <named-query name="MobileTrackerStatus.findBySerial">
        <query>
            select
            u
            from
            MobileTrackerStatus u
            where
            u.mobileSerial = :serial
            and
            u.status = :status
        </query>
    </named-query>

    <named-query name="MObjectGPSUnit.findByObjectId">
        <query>
            select
            u
            from
            MObjectGPSUnit u
            where
            u.mObjectId = :objectId
            and
            u.status = :status
        </query>
    </named-query>
    <named-query name="MObjectGPSUnit.findByUnitId">
        <query>
            select
            u
            from
            MObjectGPSUnit u
            where
            u.gpsUnitId = :unitId
            and
            u.status = :status
        </query>
    </named-query>
    <named-query name="MObjectGPSUnit.findByMObjectId">
        <query>
            select
            u
            from
            MObjectGPSUnit u
            where
            u.mObjectId = :mObjectId
            and
            u.status = :status
        </query>
    </named-query>
    <named-query name="MObjectGPSUnit.findByContractId">
        <query>
            select
            g
            from
            MObject u , MObjectGPSUnit g
            where
            u.mObjectContractId = :contractId
            and
            g.status = :status
            and
            u.id = g.mObjectId
            order by u.id
        </query>
    </named-query>
    <named-query name="MObjectGPSUnit.findMobileByContractId">
        <query>
            select
            g
            from
            MObjectGPSUnit g
            where
            g.mObject.mObjectContractId = :contractId
            and
            g.status = :status
            and
            g.gpsUnit.isMobile = :isMobile
            order by id
        </query>
    </named-query>

    <named-query name="MObjectGPSUnit.findById">
        <query>
            select
            u
            from
            MObjectGPSUnit u
            where
            u.id = :id
            order by u.id
        </query>
    </named-query>
    <named-query name="Group.findById">
        <query>
            select
            u
            from
            Group u
            where
            u.id = :id
            and
            u.status = :status
        </query>
    </named-query>

    <named-query name="ZoiGroup.findById">
        <query>
            select
            u
            from
            ZoiGroup u
            where
            u.id = :id
            and
            u.status = :status
        </query>
    </named-query>
    <named-query name="PoiGroup.findById">
        <query>
            select
            u
            from
            PoiGroup u
            where
            u.id = :id
            and
            u.status = :status
        </query>
    </named-query>
    <named-query name="Contract.findById">
        <query>
            select
            u
            from
            Contract u
            where
            u.id = :id
            and
            u.status = :status
        </query>
    </named-query>
    <named-query name="Contract.getMobjectCountByContractId">
        <query>
            select
            count(*)
            from
            MObject m
            where
            m.mObjectContractId = :contractId
            and
            m.status = :status
        </query>
    </named-query>

    <named-query name="Contract.getMaxContractId">
        <query>
            select
            max(c.id)
            from
            Contract c
        </query>
    </named-query>

    <named-query name="Contract.getUserContractsByUserId">
        <query>
            select cntr from UserRole ur inner join ur.user u inner join ur.contract cntr
            where ur.userId = :userId
            and cntr.statusId not in (7, 8)
            and cntr.status = 'A'
            and ur.status = 'A'
            and u.status = 'A'
            order by cntr.id
        </query>
    </named-query>
    <named-query name="Contract.getUserContractsCountByUserId">
        <query>
            select count(cntr) from UserRole ur inner join ur.user u inner join ur.contract cntr
            where ur.status = 'A'
            and cntr.statusId not in (7, 8)
            and cntr.status = 'A'
            and ur.userId = :userId
            and u.status = 'A'
        </query>
    </named-query>

    <named-query name="GPSUnitSim.findBySimId">
        <query>
            select
            u
            from
            GPSUnitSim u
            where
            u.simId = :simId
            and
            u.status = :status
        </query>
    </named-query>

    <named-query name="GPSUnitSim.findByGPSUnitId">
        <query>
            select
            u
            from
            GPSUnitSim u
            where
            u.gpsUnitId = :gpsUnitId
            and
            u.status = :status
        </query>
    </named-query>

    <named-query name="GPSUnitSim.findBySimPhone">
        <query>
            select
            u
            from
            Sim u
            where
            u.simPhone like :simPhone
            and
            u.status = :status
        </query>
    </named-query>
    <named-query name="Sim.findById">
        <query>
            select
            s
            from
            Sim s
            where
            s.id = :id
        </query>
    </named-query>
    <named-query name="ContractSettings.findByContractId">
        <query>
            select
            u
            from
            ContractSettings u
            where
            u.contractId = :contractId
        </query>
    </named-query>
    <named-query name="Group.findByContractId">
        <query>
            select
            u
            from
            Group u
            where
            u.contractId = :contractId
            and
            u.status = :status
        </query>
    </named-query>
    <named-query name="Group.findCountByContractId">
        <query>
            select
            count(u.id)
            from
            Group u
            where
            u.contractId = :contractId
            and
            u.status = :status
        </query>
    </named-query>
    <named-query name="ZoiGroup.findByContractId">
        <query>
            select
            zg
            from
            ZoiGroup zg
            where
            zg.contractId = :contractId
            and
            zg.status = :status
        </query>
    </named-query>
    <named-query name="PoiGroup.findByContractId">
        <query>
            select
            u
            from
            PoiGroup u
            where
            u.contractId = :contractId
            and
            u.status = :status
        </query>
    </named-query>
    <named-query name="MObjectPins.list">
        <query>
            select
            u
            from
            MObjectPins u
            where
            u.status = :status
        </query>
    </named-query>
    <named-query name="MObjectPins.findById">
        <query>
            select
            u
            from
            MObjectPins u
            where
            u.status = :status
            and u.id = :id
        </query>
    </named-query>
    <named-query name="PinBase.list">
        <query>
            select u
            from MObjectPins u
            where u.status = :status
            and u.iconType = :iconType
            order by u.priority
        </query>
    </named-query>
    <named-query name="PinMask.list">
        <query>
            select u
            from MObjectPins u
            where u.status = :status
            and u.iconType = :iconType
            and u.iconBase = :iconBase
            order by u.priority
        </query>
    </named-query>
    <named-query name="Pin.listByText">
        <query>
            select u
            from MObjectPins u
            where u.status = :status
            and u.iconType = :iconType
            and u.text = :text
            order by u.priority
        </query>
    </named-query>

    <named-query name="Staff.findByContractId">
        <query>
            select
            u
            from
            Staff u
            where
            u.contractId = :contractId
            and
            u.status = :status
            order by u.surName

        </query>
    </named-query>

    <named-query name="Staff.findCountByContractId">
        <query>
            select
            count(u.id)
            from
            Staff u
            where
            u.contractId = :contractId
            and
            u.status = :status
        </query>
    </named-query>

    <named-query name="Staff.findByContractIdAndHasMobject">
        <query>
            select
            u
            from
            Staff u
            where
            u.contractId = :contractId
            and
            u.status = :status
            and ((:showOnlyWithMobjects = true and u.mObjectStaffList.size > 0) or (:showOnlyWithMobjects = false) )
            order by u.surName

        </query>
    </named-query>
    <named-query name="Staff.findByContractIdAndText1">
        <query>
            select
            u
            from
            Staff u
            where
            u.contractId = :contractId
            and
            u.status = :status

            and ((:showOnlyWithMobjects = true and u.mObjectStaffList.size > 0) or (:showOnlyWithMobjects = false) )

            and (upper(u.surName) LIKE '%' || upper(:text1) || '%' or
            upper(u.name) LIKE '%' || upper(:text1) || '%'
            or
            upper(u.middleName) LIKE '%' || upper(:text1) || '%'
            )

            order by u.surName
        </query>
    </named-query>
    <named-query name="Staff.findByContractIdAndText2">
        <query>
            select
            u
            from
            Staff u
            where
            u.contractId = :contractId
            and
            u.status = :status

            and ((:showOnlyWithMobjects = true and u.mObjectStaffList.size > 0) or (:showOnlyWithMobjects = false) )

            and
            (
            upper(u.surName) LIKE '%' || upper(:text1) || '%'
            or
            upper(u.name) LIKE '%' || upper(:text1) || '%'
            or
            upper(u.middleName) LIKE '%' || upper(:text1) || '%'

            or
            upper(u.surName) LIKE '%' || upper(:text2) || '%'
            or
            upper(u.name) LIKE '%' || upper(:text2) || '%'
            or
            upper(u.middleName) LIKE '%' || upper(:text2) || '%'
            )
            order by u.surName
        </query>
    </named-query>
    <named-query name="Staff.findByContractIdAndText">
        <query>
            select
            u
            from
            Staff u
            where
            u.contractId = :contractId
            and
            u.status = :status

            and ((:showOnlyWithMobjects = true and u.mObjectStaffList.size > 0) or (:showOnlyWithMobjects = false) )

            and
            (
            upper(u.surName) LIKE '%' || upper(:text1) || '%'
            or
            upper(u.name) LIKE '%' || upper(:text1) || '%'
            or
            upper(u.middleName) LIKE '%' || upper(:text1) || '%'

            or
            upper(u.surName) LIKE '%' || upper(:text2) || '%'
            or
            upper(u.name) LIKE '%' || upper(:text2) || '%'
            or
            upper(u.middleName) LIKE '%' || upper(:text2) || '%'

            or
            upper(u.surName) LIKE '%' || upper(:text3) || '%'
            or
            upper(u.name) LIKE '%' || upper(:text3) || '%'
            or
            upper(u.middleName) LIKE '%' || upper(:text3) || '%'

            )
            order by u.surName
        </query>
    </named-query>

    <named-query name="User.findUsersByContractIdAndApiTokenNotNull">
        <query>
            select u from UserRole ur inner join ur.user u
            where ur.status = 'A'
            and
            ur.roleId in (1,2)
            and
            ur.contractId = :contractId
            and
            u.status = :status
            and
            u.apiToken is not null
        </query>
    </named-query>

    <named-query name="User.findUsersByContractIdAndApiTokenEqNull">
        <query>
            select u from UserRole ur inner join ur.user u
            where ur.status = 'A'
            and
            ur.roleId in (1,2)
            and
            ur.contractId = :contractId
            and
            u.status = :status
            and
            u.apiToken = null
        </query>
    </named-query>


    <named-query name="User.findUsersByContractIdAndText1">
        <query>
            select u from UserRole ur inner join ur.user u
            where ur.status = 'A'
            and
            ur.contractId = :contractId
            and
            (u.contractId = :contractId or u.contractId is null)
            and
            u.status = :status
            and
            ur.roleId in (1,2)
            and
            (
            upper(u.surName) LIKE '%' || upper(:text1) || '%'
            or
            upper(u.name) LIKE '%' || upper(:text1) || '%'
            or
            upper(u.middleName) LIKE '%' || upper(:text1) || '%'
            or
            upper(u.login) LIKE '%' || upper(:text1) || '%'
            )
            order by u.id
        </query>
    </named-query>
    <named-query name="User.findUsersByContractIdAndText2">
        <query>
            select u from UserRole ur inner join ur.user u
            where ur.status = 'A'
            and
            ur.contractId = :contractId
            and
            (u.contractId = :contractId or u.contractId is null)
            and
            u.status = :status
            and
            ur.roleId in (1,2)
            and
            (
            upper(u.surName) LIKE '%' || upper(:text1) || '%'
            or
            upper(u.name) LIKE '%' || upper(:text1) || '%'
            or
            upper(u.middleName) LIKE '%' || upper(:text1) || '%'
            or
            upper(u.login) LIKE '%' || upper(:text1) || '%'
            or
            upper(u.surName) LIKE '%' || upper(:text2) || '%'
            or
            upper(u.name) LIKE '%' || upper(:text2) || '%'
            or
            upper(u.middleName) LIKE '%' || upper(:text2) || '%'
            or
            upper(u.login) LIKE '%' || upper(:text2) || '%'
            )
            order by u.id
        </query>
    </named-query>
    <named-query name="User.findUsersByContractIdAndText">
        <query>
            select u from UserRole ur inner join ur.user u
            where ur.status = 'A'
            and
            ur.contractId = :contractId
            and
            (u.contractId = :contractId or u.contractId is null)
            and
            u.status = :status
            and
            ur.roleId in (1,2)
            and
            (
            upper(u.surName) LIKE '%' || upper(:text1) || '%'
            or
            upper(u.name) LIKE '%' || upper(:text1) || '%'
            or
            upper(u.middleName) LIKE '%' || upper(:text1) || '%'
            or
            upper(u.login) LIKE '%' || upper(:text1) || '%'
            or
            upper(u.surName) LIKE '%' || upper(:text2) || '%'
            or
            upper(u.name) LIKE '%' || upper(:text2) || '%'
            or
            upper(u.middleName) LIKE '%' || upper(:text2) || '%'
            or
            upper(u.login) LIKE '%' || upper(:text2) || '%'
            or
            upper(u.surName) LIKE '%' || upper(:text3) || '%'
            or
            upper(u.name) LIKE '%' || upper(:text3) || '%'
            or
            upper(u.middleName) LIKE '%' || upper(:text3) || '%'
            or
            upper(u.login) LIKE '%' || upper(:text3) || '%'
            )
            order by u.id
        </query>
    </named-query>

    <named-query name="User.findThirdPartyUsersByContractId">
        <query>
            select u from UserRole ur inner join ur.user u
            where ur.contractId = :contractId
            and not
            u.contractId = :contractId
            and
            ur.status = :status
            and
            u.status = :status
            and
            ur.roleId = 1
            order by u.id
        </query>
    </named-query>

    <named-query name="User.findThirdPartyUsersByContractIdAndText1">
        <query>
            select u from UserRole ur inner join ur.user u
            where ur.contractId = :contractId
            and not
            u.contractId = :contractId
            and
            ur.status = :status
            and
            u.status = :status
            and
            ur.roleId = 1
            and
            (
            upper(u.surName) LIKE '%' || upper(:text1) || '%'
            or
            upper(u.name) LIKE '%' || upper(:text1) || '%'
            or
            upper(u.middleName) LIKE '%' || upper(:text1) || '%'
            or
            upper(u.login) LIKE '%' || upper(:text1) || '%'
            )
            order by u.id
        </query>
    </named-query>

    <named-query name="User.findThirdPartyUsersByContractIdAndText2">
        <query>
            select u from UserRole ur inner join ur.user u
            where ur.contractId = :contractId
            and not
            u.contractId = :contractId
            and
            ur.status = :status
            and
            u.status = :status
            and
            ur.roleId = 1
            and
            (
            upper(u.surName) LIKE '%' || upper(:text1) || '%'
            or
            upper(u.name) LIKE '%' || upper(:text1) || '%'
            or
            upper(u.middleName) LIKE '%' || upper(:text1) || '%'
            or
            upper(u.login) LIKE '%' || upper(:text1) || '%'
            or
            upper(u.surName) LIKE '%' || upper(:text2) || '%'
            or
            upper(u.name) LIKE '%' || upper(:text2) || '%'
            or
            upper(u.middleName) LIKE '%' || upper(:text2) || '%'
            or
            upper(u.login) LIKE '%' || upper(:text2) || '%'
            )
            order by u.id
        </query>
    </named-query>

    <named-query name="User.findThirdPartyUsersByContractIdAndText3">
        <query>
            select u from UserRole ur inner join ur.user u
            where ur.contractId = :contractId
            and not
            u.contractId = :contractId
            and
            ur.status = :status
            and
            u.status = :status
            and
            ur.roleId = 1
            and
            (
            upper(u.surName) LIKE '%' || upper(:text1) || '%'
            or
            upper(u.name) LIKE '%' || upper(:text1) || '%'
            or
            upper(u.middleName) LIKE '%' || upper(:text1) || '%'
            or
            upper(u.login) LIKE '%' || upper(:text1) || '%'
            or
            upper(u.surName) LIKE '%' || upper(:text2) || '%'
            or
            upper(u.name) LIKE '%' || upper(:text2) || '%'
            or
            upper(u.middleName) LIKE '%' || upper(:text2) || '%'
            or
            upper(u.login) LIKE '%' || upper(:text2) || '%'
            or
            upper(u.surName) LIKE '%' || upper(:text3) || '%'
            or
            upper(u.name) LIKE '%' || upper(:text3) || '%'
            or
            upper(u.middleName) LIKE '%' || upper(:text3) || '%'
            or
            upper(u.login) LIKE '%' || upper(:text3) || '%'
            )
            order by u.id
        </query>
    </named-query>

    <named-query name="Staff.getStaffCountByContractId">
        <query>
            select
            count(*)
            from
            Staff u
            where
            u.contractId = :contractId
            and
            u.status = :status
        </query>
    </named-query>
    <named-query name="Staff.findById">
        <query>
            select
            u
            from
            Staff u
            where
            u.id = :id
            and
            u.status = :status
        </query>
    </named-query>
    <named-query name="MObjectStaff.findById">
        <query>
            select
            u
            from
            MObjectStaff u
            where
            u.id = :id
        </query>
    </named-query>
    <named-query name="MObjectStaff.findByStaffId">
        <query>
            select
            mos
            from
            MObjectStaff mos
            where
            mos.staffId = :id
            and
            mos.status = :status
            order by mos.endDate
        </query>
    </named-query>
    <named-query name="MObjectStaff.findByDates">
        <query>
            select
            u
            from
            MObjectStaff u
            where
            u.status = 'A'
            and
            u.mobjectId = :mobjectId
            and not (
            (:dateFrom > u.endDate and u.endDate is not null)
            or (:dateFrom > u.startDate and u.endDate is null)
            or (u.startDate > :dateTo )
            )
        </query>
    </named-query>
    <named-query name="MObjectStaff.findByStartDate">
        <query>
            select
            u
            from
            MObjectStaff u
            where
            u.status = 'A'
            and
            u.mobjectId = :mobjectId
            and not (
            (:dateFrom > u.endDate)
            )
        </query>
    </named-query>
    <named-query name="UserAccessList.findByUserId">
        <query>
            select
            u
            from
            UserAccessList u
            where
            u.userId = :userId
        </query>
    </named-query>
    <named-query name="UserAccessList.findByUserContractId">
        <query>
            select
            u
            from
            UserAccessList u
            where
            u.userId = :userId
            and u.contractId = :contractId
        </query>
    </named-query>

    <named-query name="UserAccessList.getFmsContracts">
        <query>
            select distinct ual.contractId from
            UserAccessList ual
            inner join ual.contract cntr
            where ual.fms = 15
            and cntr.statusId &lt; 3
            and cntr.status = 'A'
        </query>
    </named-query>

    <named-query name="Report.getById">
        <query>
            SELECT
            report
            from Report report
            where report.id = :id
            and report.visible = true
        </query>
    </named-query>
    <named-query name="Report.getListByTenantId">
        <query>
            SELECT
            report
            from Report report
            where report.tenantId = :tenantId
            and report.visible = true
            order by name
        </query>
    </named-query>
    <named-query name="Report.getListByLanguage">
        <query>
            SELECT
            report
            from Report report
            where report.language = :language
            and report.visible = true
            order by name
        </query>
    </named-query>
    <named-query name="Report.getListByLanguageAndCategory">
        <query>
            SELECT
            report
            from Report report
            where report.language = :language
            and report.tenantId = :category
            and report.visible = true
            order by name
        </query>
    </named-query>
    <named-query name="Report.getListByContractId">
        <query>
            SELECT
            reportAcl
            from ReportACL reportAcl
            join reportAcl.report report
            where reportAcl.contractId = :contractId
            and reportAcl.status = :status
            and report.visible = true
            and reportAcl.access = :access
            and report.language = :language
            order by report.name
        </query>
    </named-query>
    <named-query name="Report.getListByContractIdMultiLang">
        <query>
            SELECT
            reportAcl
            from ReportACL reportAcl
            join reportAcl.report report
            where reportAcl.contractId = :contractId
            and reportAcl.status = :status
            and report.visible = true
            and reportAcl.access = :access
            order by report.name
        </query>
    </named-query>

    <named-query name="Report.getListByContractIdAndCategory">
        <query>
            SELECT
            reportAcl
            from ReportACL reportAcl
            join reportAcl.report report
            where reportAcl.contractId = :contractId
            and reportAcl.status = :status
            and report.visible = true
            and reportAcl.access = :access
            and report.language = :language
            and report.tenantId = :category
            order by report.name
        </query>
    </named-query>
    <named-query name="UserMObjectAccessList.findByUserId">
        <query>
            SELECT
            a
            FROM UserMObjectAccessList a
            where
            a.id = :id
        </query>
    </named-query>

    <named-query name="UserMObjectAccessList.findByMobjectId">
        <query>
            SELECT
            a
            FROM UserMObjectAccessList a
            where
            a.mObjectId = :id
        </query>
    </named-query>

    <named-query name="UserMObjectAccessList.updatePermission">
        <query>
            UPDATE UserMObjectAccessList umal set umal.permission = 0
            WHERE umal.userId = :userId
        </query>
    </named-query>

    <named-query name="UserPoiAccess.findById">
        <query>
            SELECT
            upa
            FROM UserPoiAccess upa
            where
            upa.id = :id
            and upa.status = 'A'
        </query>
    </named-query>

    <named-query name="UserPoiAccess.findByUserIdAndPoiId">
        <query>
            SELECT
            upa
            FROM UserPoiAccess upa
            where upa.userId = :userId
            and upa.poiId = :poiId
            and upa.status = 'A'
        </query>
    </named-query>
    <named-query name="UserPoiAccess.updatePermission">
        <query>
            UPDATE UserPoiAccess upa set upa.permission = 0, upa.modDate = CURRENT_TIMESTAMP()
            WHERE upa.userId = :userId
            and upa.status = 'A'
        </query>
    </named-query>


    <named-query name="UserZoiAccess.findById">
        <query>
            SELECT
            uza
            FROM UserZoiAccess uza
            where uza.id = :id
            and uza.status = 'A'
        </query>
    </named-query>

    <named-query name="UserZoiAccess.findByUserIdAndZoiId">
        <query>
            SELECT
            uza
            FROM UserZoiAccess uza
            where uza.userId = :userId
            and uza.zoiId = :zoiId
            and uza.status = 'A'
        </query>
    </named-query>
    <named-query name="UserZoiAccess.updatePermission">
        <query>
            UPDATE UserZoiAccess uza set uza.permission = 0, uza.modDate = CURRENT_TIMESTAMP()
            WHERE uza.userId = :userId
            and uza.status = 'A'
        </query>
    </named-query>

    <named-query name="MObjectNotifications.findByMObjectId">
        <query>
            SELECT
            a
            FROM MObjectNotifications a
            where
            a.mObjectId = :mobjectId
            and
            a.status = :status
        </query>
    </named-query>

    <named-query name="MObjectNotifications.findByMObjectIdCount">
        <query>
            SELECT
            count (a)
            FROM MObjectNotifications a
            where
            a.mObjectId = :mobjectId
            and
            a.status = :status
        </query>
    </named-query>

    <named-query name="MObjectGeoFence.findById">
        <query>
            SELECT
            a
            FROM MObjectGeoFence a
            where
            a.id = :id
        </query>
    </named-query>
    <named-query name="MObjectGeoFence.getListByContractId">
        <query>
            SELECT
            a
            FROM MObjectGeoFence a
            where
            a.mObjectId = :objectId
            and
            a.status = :status
        </query>
    </named-query>
    <named-query name="MObjectGeoFence.findByPoIIdAndControlTypeAndObjectId">
        <query>
            SELECT
            m
            FROM MObjectGeoFence m
            where
            m.geoFence.id = :geoFenceId
            and
            m.controlType = :controlType
            and
            m.mObjectId = :objectId
            and
            m.status = :status
        </query>
    </named-query>
    <named-query name="MObjectGeoFence.findByGeoFenceIdAndObjectId">
        <query>
            SELECT
            m
            FROM MObjectGeoFence m
            where
            m.geoFence.id = :geoFenceId
            and
            m.mObjectId = :objectId
            and
            m.status = :status
        </query>
    </named-query>
    <named-query name="MObjectGeoFence.findByGeoFenceId">
        <query>
            SELECT
            m
            FROM MObjectGeoFence m
            where
            m.geoFence.id = :geoFenceId
        </query>
    </named-query>
    <named-query name="MObjectPoI.findById">
        <query>
            SELECT
            m
            FROM MObjectPoI m
            where
            m.id = :id
        </query>
    </named-query>
    <named-query name="MObjectPoI.getListByContractId">
        <query>
            SELECT
            m
            FROM MObjectPoI m
            where
            m.mObjectId = :objectId
            and
            m.status = :status
        </query>
    </named-query>
    <named-query name="MObjectPoI.findByPoIIdAndControlTypeAndObjectId">
        <query>
            SELECT
            m
            FROM MObjectPoI m
            where
            m.poi.id = :poiId
            and
            m.controlType = :controlType
            and
            m.mObjectId = :objectId
            and
            m.status = :status
        </query>
    </named-query>
    <named-query name="MObjectPoI.findByPoIIdAndObjectId">
        <query>
            SELECT
            m
            FROM MObjectPoI m
            where
            m.poi.id = :poiId
            and
            m.mObjectId = :objectId
            and
            m.status = :status
        </query>
    </named-query>
    <named-query name="MObjectPoI.findByPoIId">
        <query>
            SELECT
            m
            FROM MObjectPoI m
            where
            m.poi.id = :poiId
        </query>
    </named-query>
    <named-query name="ReportACL.findAllByContractId">
        <query>
            select
            r
            from
            ReportACL r
            where
            r.status = :status
            and
            r.contractId = :contractId
            order by r.id
        </query>
    </named-query>
    <named-query name="ReportACL.findAllById">
        <query>
            select
            r
            from
            ReportACL r
            where
            r.id = :id
            and
            r.contractId = :contractId
        </query>
    </named-query>

    <!-- POI -->

    <named-query name="POI.getListByContractIdAndStatus">
        <query>
            select
            p
            from
            POI p
            where
            p.contractId = :contractId and
            p.status = :status
            order by p.name
        </query>
    </named-query>

    <named-query name="POI.getListByContractIdAndStatusCount">
        <query>
            select
            count(p.id)
            from
            POI p
            where
            p.contractId = :contractId
            and
            p.status = :status
        </query>
    </named-query>

    <named-query name="POI.findById">
        <query>
            select
            p
            from
            POI p
            where p.id = :id
        </query>
    </named-query>

    <named-query name="ZOI.findById">
        <query>
            select
            z
            from
            GeoFence z
            where z.id = :id
        </query>
    </named-query>

    <named-query name="POI.getPOICountByContractIdAndStatus">
        <query>
            select
            count(*)
            from
            POI p
            where
            p.contractId = :contractId
            and
            p.status = :status
        </query>
    </named-query>

    <named-query name="POI.getCountByContractIdName">
        <query>
            select
            count (*)
            from
            POI p
            where p.contractId = :contractId
            and
            p.status = :status
            and
            p.name LIKE '%' || (:name) ||'%'
        </query>
    </named-query>

    <!-- Geo-fence -->
    <named-query name="GeoFence.getListByContractIdAndStatus">
        <query>
            select
            g
            from
            GeoFence g
            where
            g.contractId = :contractId and
            g.status = :status
            order by g.name
        </query>
    </named-query>

    <named-query name="GeoFence.getListByContractIdAndFilter">
        <query>
            select
            g
            from
            GeoFence g
            where
            g.contractId = :contractId and
            g.status = 'A' and
            g.name like :filterText
            order by g.name
        </query>
    </named-query>

    <named-query name="GeoFence.getListByContractIdAndFilterCount">
        <query>
            select
            count(g)
            from
            GeoFence g
            where
            g.contractId = :contractId and
            g.status = 'A' and
            g.name like :filterText
        </query>
    </named-query>

    <named-query name="GeoFence.findById">
        <query>
            select
            g
            from
            GeoFence g
            where g.id = :id
        </query>
    </named-query>

    <named-query name="GeoFencePoint.getListByGeoFenceId">
        <query>
            select
            g
            from
            GeoFencePoint g
            where g.id = :geoFenceId
            order by g.id
        </query>
    </named-query>

    <named-query name="GeoFencePoint.removeByGeoFenceId">
        <query>
            delete
            from
            GeoFencePoint g
            where g.geoFenceId = :geoFenceId
        </query>
    </named-query>

    <named-query name="GeoFence.getGeoFenceCountByContractIdAndStatus">
        <query>
            select
            count(*)
            from
            GeoFence g
            where
            g.contractId = :contractId
            and
            g.status = :status
        </query>
    </named-query>

    <named-query name="GeoFence.getGeoFenceCountNameByContractId">
        <query>
            select
            count (*)
            from
            GeoFence g
            where
            g.contractId = :contractId
            and
            g.status = :status
            and
            g.name like '%' || (:name) || '%'

        </query>
    </named-query>

    <!-- Journal -->
    <named-query name="Journal.getTable">
        <query>
            select
            u
            from
            Journal u
            where
            u.comment between :rangeStart and :rangeEnd
            and u.status = 'A'
            order by u.date desc
        </query>
    </named-query>
    <named-query name="Company.findByContractId">
        <query>
            select
            u
            from
            Company u

        </query>
    </named-query>
    <!-- Role >> -->
    <named-query name="Role.findById">
        <query>
            SELECT
            r
            from
            Role r
            where r.id = :id
        </query>
    </named-query>
    <!-- Role << -->

    <!-- TgUser -->
    <!--    <named-query name="TgUser.existByUserId">-->
    <!--        <query>-->
    <!--            select-->
    <!--            exists-->
    <!--            (select-->
    <!--            u-->
    <!--            from-->
    <!--            TgUser u-->
    <!--            where u.userId = :userId-->
    <!--            )-->
    <!--        </query>-->
    <!--    </named-query>-->

    <named-query name="TgUser.findByUserId">
        <query>
            SELECT
            u
            from
            TgUser u
            where u.userId = :userId
            and u.status = :status
        </query>
    </named-query>

    <named-query name="TgUser.updateStatusByApiToken">
        <query>
            UPDATE TgUser SET status = 'D',expDate = CURRENT_TIMESTAMP()
            WHERE userToken = :apiToken
            and status = :status
        </query>
    </named-query>

    <named-query name="TgUser.updateStatusById">
        <query>
            UPDATE TgUser SET status = 'D',expDate = CURRENT_TIMESTAMP()
            WHERE id = :id
            and status = :status
        </query>
    </named-query>

    <named-query name="TgLocation.findAll">
        <query>
            SELECT
            loc
            FROM
            TgLocation loc
            where loc.status = :status
        </query>
    </named-query>

    <named-query name="TgLocation.updateStatusById">
        <query>
            UPDATE TgLocation SET status = 'D',expDate = CURRENT_TIMESTAMP()
            WHERE id = :id
            and status = :status
        </query>
    </named-query>
    <named-query name="TgLocation.updateStatusByMessageId">
        <query>
            UPDATE TgLocation SET status = 'D',expDate = CURRENT_TIMESTAMP()
            WHERE messageId = :id
            and status = :status
        </query>
    </named-query>

    <named-query name="TgLocation.updateStatusByChatId">
        <query>
            UPDATE TgLocation SET status = 'D',expDate = CURRENT_TIMESTAMP()
            WHERE chatId = :id
            and status = :status
        </query>
    </named-query>

    <!-- Dashboard -->

    <named-query name="Dashboard.findMobjectType">
        <query>
            SELECT
            mo
            FROM
            MObject mo
            where (mo.mObjectType = :mObjectType or :mObjectType = 0)
            and mo.status = 'A'
        </query>
    </named-query>

    <named-query name="Dashboard.findRegion">
        <query>
            SELECT
            reg
            FROM
            Region reg
            order by reg.id
        </query>
    </named-query>


    <!-- Dashboard << -->

    <!-- MonitoredZoi -->

    <named-query name="MonitoredZoi.findByContractId">
        <query>
            SELECT
            mz
            from
            MonitoredZoi mz inner join mz.zoi zoi
            where mz.contractId = :contractId
            and mz.status = :status
            and zoi.status = 'A'
        </query>
    </named-query>

    <named-query name="MonitoredZoi.deleteById">
        <query>
            UPDATE MonitoredZoi mz set mz.status = 'D', mz.expDate = CURRENT_TIMESTAMP()
            WHERE mz.id = :id
            AND mz.status = 'A'
        </query>
    </named-query>
    <!-- MonitoredZoi << -->

    <named-query name="CatalogSubdivision.findByCompanyId">
        <query>
            SELECT
            cs
            from CatalogSubdivision cs
            where cs.catalogCompanyId = :catalogCompanyId
            and cs.status = :status
        </query>
    </named-query>

    <named-query name="CatalogSubdivision.getById">
        <query>
            SELECT
            cs
            from
            CatalogSubdivision cs
            where cs.id = :id and cs.status = :status
        </query>
    </named-query>

    <named-query name="CatalogCompany.getById">
        <query>
            SELECT
            cc
            from
            CatalogCompany cc
            where cc.id = :id and cc.status = :status
        </query>
    </named-query>

</entity-mappings>
